{"cameraMode":{"drawMode":0,"name":"Shaded","section":"Shading Mode"},"sceneLighting":true,"audioPlay":false,"sceneViewState":{"showFog":true,"showMaterialUpdate":false,"showSkybox":true,"showFlares":true,"showImageEffects":true,"showParticleSystems":true},"in2DMode":false,"pivot":{"x":-5.774459362030029,"y":-64.82169342041016,"z":-71.47724151611328},"rotation":{"x":0.0019270724151283503,"y":-0.9254774451255798,"z":0.378800630569458,"w":0.004714095499366522},"size":98.63319396972656,"orthographic":false}