{"cameraMode":{"drawMode":0,"name":"Shaded","section":"Shading Mode"},"sceneLighting":true,"audioPlay":false,"sceneViewState":{"showFog":true,"showMaterialUpdate":false,"showSkybox":true,"showFlares":true,"showImageEffects":true,"showParticleSystems":true},"in2DMode":false,"pivot":{"x":-2.0779125690460207,"y":-0.5895841717720032,"z":-4.596301555633545},"rotation":{"x":0.016259027644991876,"y":0.9327468872070313,"z":-0.3578202426433563,"w":0.04226513206958771},"size":4.89609432220459,"orthographic":false}