{"cameraMode":{"drawMode":0,"name":"Shaded","section":"Shading Mode"},"sceneLighting":true,"audioPlay":false,"sceneViewState":{"showFog":true,"showMaterialUpdate":false,"showSkybox":true,"showFlares":true,"showImageEffects":true,"showParticleSystems":true},"in2DMode":false,"pivot":{"x":2.918336868286133,"y":-4.10761833190918,"z":-11.239086151123047},"rotation":{"x":0.06768519431352616,"y":0.9311820268630981,"z":-0.22667187452316285,"w":0.2776419520378113},"size":13.889961242675782,"orthographic":false}