{"cameraMode":{"drawMode":0,"name":"Shaded","section":"Shading Mode"},"sceneLighting":true,"audioPlay":false,"sceneViewState":{"showFog":true,"showMaterialUpdate":false,"showSkybox":true,"showFlares":true,"showImageEffects":true,"showParticleSystems":true},"in2DMode":false,"pivot":{"x":-23.734004974365236,"y":3.0878663063049318,"z":-7.145435810089111},"rotation":{"x":-0.006475719157606363,"y":0.7958745360374451,"z":-0.008653366938233376,"w":-0.6055249571800232},"size":35.07246017456055,"orthographic":false}